MSS,Avg.delay (min),Avg.delay(s),,
100,47.95788,3528.955,,58.81591667
200,36.8554,2877.473,,47.95788333
300,27.57725,1654.635,,
400,22.21696667,1333.018,,
500,20.63536667,1238.122,,
600,18.34298333,1100.579,,
700,16.17416333,970.4498,,
800,13.96971667,838.183,,
900,8.319233333,499.154,,
1000,6.681483333,400.889,,
