# of receivers,Avg. Delay,Avg. Delay
1,6.624008333,397.4405
2,10.24938333,614.963
3,13.31411667,798.847
4,29.47951667,1768.771
5,35.55576667,2133.346
